Title,Snippet,URL,Topics,Categories,Tags,Publish Date,Source
Tập thể dục thời điểm nào giúp ngủ ngon? - Báo VnExpress Sức khỏe,"8 ngày trước ... Chọn thời điểm tập thể dục phù hợp với nhịp sinh học của cơ thể quan trọng hơn vận động cố định vào một khung giờ. Anh Chi (Theo Healthline, ...",https://vnexpress.net/tap-the-duc-thoi-diem-nao-giup-ngu-ngon-4836839.html,"khung giờ Anh, trước Chọn, Chi Theo Healthline, nhịp sinh học, cố định vào một, cơ thể quan trọng",Thế giới,"Chọn thời điểm, nhịp sinh học, cơ thể quan trọng, khung giờ, ngày trước, thời điểm, nhịp, sinh học, cơ thể, khung",,https://vnexpress.net
"Phát hiện 2 khung thời gian tập thể dục cực tốt, giúp phòng ngừa ...","11 thg 11, 2024 ... 2 khung thời gian tập thể dục giúp phòng ngừa ung thư. Nghiên cứu mới được công bố trên tạp chí BMC Medicine, do các nhà khoa học đến từ Đại học ...",https://cafef.vn/phat-hien-2-khung-thoi-gian-tap-the-duc-cuc-tot-giup-phong-ngua-ung-thu-188241111083621707.chn,"BMC Medicine do, thg khung, nhà khoa học, giúp phòng ngừa, Nghiên cứu mới",Thế giới,"khung thời gian, phòng ngừa ung thư, tạp chí BMC, nhà khoa học, 2024, khung, thời gian, ung thư, tạp chí, Medicine",2024-11-11T09:10:00.000Z,https://cafef.vn
Nên ăn trước hay sau khi tập thể dục để đốt mỡ tốt hơn? | Báo Dân trí,"2 thg 2, 2023 ... (Dân trí) - Rất nhiều người thắc mắc nên ăn trước hay sau khi tập thể dục sẽ đem lại hiệu quả đốt mỡ, giảm cân tốt hơn. · Khả năng đốt cháy chất ...",https://dantri.com.vn/suc-khoe/nen-an-truoc-hay-sau-khi-tap-the-duc-de-dot-mo-tot-hon-20230201080441290.htm,"đốt mỡ giảm, nên ăn trước, đem lại, cân tốt, Rất nhiều người, thg Dân trí",Công nghệ,"ăn trước, sau khi, lại hiệu quả, đốt mỡ, giảm cân, cân tốt, · Khả năng, đốt cháy chất, 2023, trước",,https://dantri.com.vn
"Tập thể dục kiểu “ngược đời” giúp giảm cân, chống tiểu đường","2 ngày trước ... Kết quả công bố trên tạp chí khoa học Applied Physiology, Nutrition and Metabolism cho thấy những người tập thể dục sau khi ăn sáng có mức tăng ...",https://nld.com.vn/tap-the-duc-kieu-nguoc-doi-giup-giam-can-chong-tieu-duong-196250114094441012.htm,"Metabolism cho thấy, mức tăng, khoa học Applied Physiology, người tập thể dục, Kết quả công bố",Thế giới,"tạp chí khoa học, tập thể dục sau, sau khi, có mức, ngày trước, Kết quả, tạp chí, khoa học, Applied, Physiology",,https://nld.com.vn
"Nên tập thể dục bao nhiêu lần trong tuần, thời gian tập thế nào là tốt ...","24 thg 10, 2024 ... Tần suất và cường độ tập luyện có thể thay đổi theo mục tiêu sức khỏe và thể lực. Nên dành 150 phút tập thể dục vừa phải/tuần, có thể chia ra ...",https://tuoitre.vn/nen-tap-the-duc-bao-nhieu-lan-trong-tuan-thoi-gian-tap-the-nao-la-tot-2024102408582762.htm,"Nên dành phút, chia ra, vừa phải tuần, thg Tần suất, cường độ tập luyện, mục tiêu sức khỏe",Y tế,"theo mục tiêu, mục tiêu sức khỏe, tập thể dục vừa phải, 2024, mục tiêu, sức khỏe, thể lực, phút, vừa phải, tuần",2024-10-24T02:07:00.000Z,https://tuoitre.vn
Thói quen tập thể dục khiến bạn già nhanh hơn,"9 thg 12, 2024 ... Một sai lầm phổ biến là tập luyện mà không dành thời gian nghỉ ngơi và phục hồi. Tập luyện quá sức dẫn đến tình trạng viêm mãn tính, mức ...",https://laodong.vn/suc-khoe/thoi-quen-tap-the-duc-khien-ban-gia-nhanh-hon-1432447.ldo,"thg Một, dẫn đến, viêm mãn tính mức, dành thời gian, sai lầm phổ biến, phục hồi Tập luyện",Thế giới,"sai lầm phổ biến, dành thời gian, Tập luyện quá sức, viêm mãn tính, 2024, sai lầm, thời gian, quá sức, tình trạng, mãn tính",2024-12-09T07:00:00.000Z,https://laodong.vn
Tập thể dục lúc đói và việc giảm mỡ nội tạng,"17 thg 12, 2024 ... Nhiều người tin rằng tập thể dục khi đói sẽ giúp đốt cháy mỡ hiệu quả hơn và coi đây là 1 phương pháp để giảm mỡ nội tạng .",https://laodong.vn/dinh-duong-am-thuc/tap-the-duc-luc-doi-va-viec-giam-mo-noi-tang-1436361.ldo,"giảm mỡ, người tin rằng, thg Nhiều, coi đây, đói sẽ giúp",Thế giới,"tập thể dục khi, đốt cháy mỡ, mỡ hiệu quả, hiệu quả hơn, giảm mỡ, mỡ nội tạng, 2024, hiệu quả, phương pháp, nội tạng",2024-12-16T23:25:02.000Z,https://laodong.vn
Cơ thể yếu đi vì tập thể dục “siêng” quá mức?,"7 thg 6, 2024 ... Bất ngờ với kiểu tập thể dục chống đột quỵ, đau tim hiệu quả. Sự gia tăng các peptide kháng khuẩn được tìm thấy trong miệng những người này như ...",https://nld.com.vn/co-the-yeu-di-vi-tap-the-duc-sieng-qua-muc-196240607092435486.htm,"đau tim, miệng những người, chống đột quỵ, hiệu quả Sự, thg Bất ngờ, gia tăng các peptide, kiểu tập thể dục",Thế giới,"kiểu tập thể dục, chống đột quỵ, đau tim, tim hiệu quả, 2024, kiểu, tập thể dục, đột quỵ, hiệu quả, peptide",,https://nld.com.vn
"Vì sao bị đau đầu sau khi tập thể dục, có nguy hiểm không? | Báo ...","27 thg 4, 2024 ... Theo The Conversation, khi chúng ta tập thể dục, lưu lượng máu đến não tăng lên để đảm bảo não có đủ oxy giúp cơ thể vận động. Nhưng điều này ...",https://dantri.com.vn/suc-khoe/vi-sao-bi-dau-dau-sau-khi-tap-the-duc-co-nguy-hiem-khong-20240426114024165.htm,"não tăng lên, The Conversation, đủ oxy giúp, máu đến, Nhưng điều, cơ thể vận động",Thế giới,"27 thg, lưu lượng máu, đảm bảo não, giúp cơ thể, 2024, Conversation, cơ thể, điều",,https://dantri.com.vn
Phát hiện thời điểm tập thể dục tốt nhất cho mức đường huyết,"1 ngày trước ... Nghiên cứu mới vừa được công bố trên tạp chí y khoa Applied Physiology, Nutrition and Metabolism, đã trả lời được câu hỏi tập thể dục trước hay ...",https://thanhnien.vn/phat-hien-thoi-diem-tap-the-duc-tot-nhat-cho-muc-duong-huyet-185250114214526608.htm,"trước hay, y khoa Applied Physiology, vừa được công bố, Nghiên cứu mới, Metabolism đã trả lời",Chính trị,"tạp chí y khoa, tập thể dục trước, trước hay, ngày trước, tạp chí, y khoa, Applied, Physiology, Nutrition, Metabolism",2025-01-14T17:07:00.000Z,https://thanhnien.vn
5 bài thể dục cho não - Báo VnExpress Đời sống,"10 thg 12, 2024 ... Học những điều mới giúp não bộ luôn nhạy bén và cải thiện trí nhớ. Tiến sĩ, bác sĩ thần kinh Lenny Cohen, phòng khám Chicago Neurological ...",https://vnexpress.net/5-bai-the-duc-cho-nao-4825956.html,"cải thiện, điều mới giúp, thg Học, thần kinh Lenny Cohen, phòng khám Chicago Neurological, não bộ luôn, trí nhớ Tiến sĩ",Công nghệ,"giúp não bộ, bác sĩ thần kinh, 2024, điều, não bộ, Tiến sĩ, bác sĩ, thần kinh, Lenny, Cohen",,https://vnexpress.net
Vì sao bệnh nhân tiểu đường nên tập thể dục?,"10 thg 7, 2023 ... Theo Trung tâm kiểm soát và phòng ngừa dịch bệnh Hoa Kỳ (US CDC), nếu bạn bị tiểu đường, tích cực tập thể dục sẽ khiến cơ thể bạn nhạy cảm hơn ...",https://laodong.vn/suc-khoe/vi-sao-benh-nhan-tieu-duong-nen-tap-the-duc-1214778.ldo,"bạn bị, US CDC nếu, khiến cơ thể, thg Theo Trung tâm, phòng ngừa dịch bệnh, tiểu đường tích cực",Thế giới,"Theo Trung tâm, phòng ngừa dịch bệnh, khiến cơ thể, cơ thể bạn, bạn nhạy cảm, 2023, Trung tâm, dịch bệnh, Hoa Kỳ, cơ thể",2023-07-10T07:13:53.000Z,https://laodong.vn
Sau nâng ngực bao lâu được tập thể dục? - Báo VnExpress Sức khỏe,"19 thg 6, 2024 ... Mỗi người có tốc độ lành vết thương khác nhau. Sau nâng ngực 7-14 ngày, bạn có thể tập các bài tập nhẹ nhàng như đi bộ. Trong 2-4 tuần tiếp theo ...",https://vnexpress.net/sau-nang-nguc-bao-lau-duoc-tap-the-duc-4760114.html,"thg Mỗi người, nâng ngực, bạn có thể tập, lành vết thương, đi bộ Trong tuần",Y tế,"có tốc độ, lành vết thương, vết thương khác, nâng ngực, 7-14 ngày, bài tập nhẹ nhàng, 2-4 tuần, 2024, người, tốc độ",,https://vnexpress.net
Hạ đường huyết do tập thể dục - Báo VnExpress Sức khỏe,"17 thg 6, 2022 ... Tập thể dục khiến các cơ hoạt động cần thêm nhiên liệu, làm tăng nhu cầu về glucose. Tập thể dục cũng làm cơ thể nhạy cảm hơn với insulin, có ...",https://vnexpress.net/ha-duong-huyet-do-tap-the-duc-4477346.html,"làm tăng, cần thêm, khiến các cơ, nhu cầu về glucose, thg Tập thể dục",Thế giới,"thêm nhiên liệu, tăng nhu cầu, làm cơ thể, cơ thể nhạy cảm, 2022, nhiên liệu, nhu cầu, glucose, Tập thể dục, cơ thể",,https://vnexpress.net
Sau ăn bao lâu thì có thể tập thể dục?,"25 thg 4, 2023 ... Khi tập thể dục sẽ có sự thay đổi lưu lượng máu từ dạ dày, đường tiêu hóa đến các cơ bắp đang hoạt động, do đó nếu tập ngay sau khi ăn sẽ ...",https://thanhnien.vn/sau-an-bao-lau-thi-co-the-tap-the-duc-185230421160421502.htm,"nếu tập ngay, đường tiêu hóa đến, sự thay đổi, lưu lượng máu",Thế giới,"lưu lượng máu, đường tiêu hóa, sau khi, 2023, dạ dày, đường, tiêu hóa, cơ bắp",2023-04-24T21:00:00.000Z,https://thanhnien.vn
Động tác thể dục dụng cụ mang tên 'Phạm Phước Hưng',"4 thg 10, 2017 ... (Chinhphu.vn) - Vận động viên (VĐV) thể dục dụng cụ (TDCD) Việt Nam Phạm Phước Hưng vừa gây tiếng vang với một động tác mới được mang tên ...",https://baochinhphu.vn/dong-tac-the-duc-dung-cu-mang-ten-pham-phuoc-hung-102228101.htm,"Phạm Phước Hưng, vừa gây, VĐV thể dục, TDCD Việt Nam, một động tác mới",Thế giới,"thể dục dụng cụ, 2017, Vận động viên, thể dục, dụng cụ, Việt Nam, Phạm, Phước, Hưng, động tác",,https://baochinhphu.vn
Ung thư xương có nên tập thể dục không? | Báo Dân trí,"9 thg 12, 2022 ... - Hiệp hội Ung thư Mỹ cảnh báo các bệnh nhân xương khớp tránh sử dụng tạ nặng hoặc thực hiện các bài tập gây căng thẳng cho xương. Các bài tập ...",https://dantri.com.vn/suc-khoe/ung-thu-xuong-co-nen-tap-the-duc-khong-20221209150420301.htm,"xương khớp tránh, tạ nặng hoặc, Ung thư Mỹ, bài tập gây, thg Hiệp hội, căng thẳng cho",Thế giới,"Hiệp hội Ung thư, bệnh nhân xương, xương khớp, sử dụng tạ, tạ nặng, 2022, Hiệp hội, Ung thư, bệnh nhân, xương",,https://dantri.com.vn
VĐV thể dục dụng cụ Nguyễn Minh Triết qua đời - Tuổi Trẻ Online,"9 thg 5, 2024 ... Ngày 9-5, VĐV Nguyễn Minh Triết (đội thể dục dụng cụ trẻ Việt Nam) đã qua đời sau nửa năm bị chấn thương trong lúc tập luyện tại đội tuyển.",https://tuoitre.vn/vdv-the-duc-dung-cu-nguyen-minh-triet-qua-doi-20240509160929194.htm,"VĐV Nguyễn Minh, nửa năm bị, Triết đội, trẻ Việt Nam, thể dục dụng cụ",Thế giới,"đội thể dục, thể dục dụng cụ, dụng cụ trẻ, qua đời sau, chấn thương trong lúc, 2024, Nguyễn, Minh, Triết, thể dục",2024-05-09T09:18:00.000Z,https://tuoitre.vn
Bác sĩ mách cách tập thể dục an toàn vào mùa nắng nóng | Báo Dân ...,"3 thg 6, 2023 ... (Dân trí) - Trong môi trường nắng nóng nếu tập luyện quá sức, nhiệt độ cơ thể tăng cao vượt quá ngưỡng chịu đựng của cơ thể sẽ có nguy cơ ...",https://dantri.com.vn/suc-khoe/bac-si-mach-cach-tap-the-duc-an-toan-vao-mua-nang-nong-20230601203123303.htm,"nắng nóng nếu, tăng cao, ngưỡng chịu đựng, thg Dân trí, tập luyện quá sức, nhiệt độ cơ thể",Thế giới,"môi trường nắng, nắng nóng, tập luyện quá sức, nhiệt độ cơ thể, vượt quá ngưỡng, có nguy cơ, 2023, môi trường, nắng, quá sức",,https://dantri.com.vn
Người bị hen suyễn nên tập thể dục thế nào cho an toàn,"29 thg 11, 2024 ... Tiến sĩ Rohan R Naick cho biết, đối với những người bị hen suyễn , tập thể dục có thể an toàn và có lợi nếu thực hiện các biện pháp phòng ...",https://laodong.vn/suc-khoe/nguoi-bi-hen-suyen-nen-tap-the-duc-the-nao-cho-an-toan-1428171.ldo,"người bị, thg Tiến sĩ Rohan, R Naick cho biết, biện pháp phòng, nếu thực hiện",Thế giới,"biện pháp phòng, 2024, Tiến sĩ, Rohan, Naick, biện pháp, phòng",2024-11-29T11:30:00.000Z,https://laodong.vn
Tập thể dục quá nhiều có gây chậm kinh không,"25 thg 8, 2024 ... Tập thể dục cường độ cao có thể phá vỡ trục nội tiết tố, dẫn đến giảm nồng độ estrogen và progesterone, những yếu tố rất quan trọng để duy trì ...",https://laodong.vn/suc-khoe/tap-the-duc-qua-nhieu-co-gay-cham-kinh-khong-1384467.ldo,"dẫn đến giảm, estrogen và progesterone, cường độ cao, phá vỡ trục, yếu tố rất, thg Tập thể dục",Thế giới,"cường độ cao, trục nội tiết tố, giảm nồng độ, nồng độ estrogen, 2024, độ cao, nội tiết tố, nồng độ, estrogen, yếu tố",2024-08-25T14:00:00.000Z,https://laodong.vn
Bổ nhiệm Tổng Cục trưởng Tổng cục Thể dục,"7 thg 5, 2022 ... (Chinhphu.vn) - Ông Đặng Hà Việt, Hiệu trưởng Trường Đại học Thể dục Thể thao TPHCM được điều động, bổ nhiệm giữ chức Tổng Cục trưởng Tổng ...",https://baochinhphu.vn/bo-nhiem-tong-cuc-truong-tong-cuc-the-duc-the-thao-102220507183621237.htm,"Đặng Hà Việt, Chinhphu vn Ông, giữ chức, Hiệu trưởng Trường, TPHCM được điều động, Đại học Thể dục","Chính trị, Thể thao","Hiệu trưởng Trường, Trường Đại học, Đại học Thể dục, Thể dục Thể thao, giữ chức, chức Tổng Cục trưởng, 2022, Đặng, Việt, Hiệu trưởng",,https://baochinhphu.vn
Hướng dẫn tổ chức Đại hội Thể dục thể thao các cấp tiến tới Đại hội ...,"30 thg 5, 2024 ... (Chinhphu.vn) - Bộ Văn hóa, Thể thao và Du lịch vừa ban hành văn bản hướng dẫn các địa phương triển khai công tác tổ chức Đại hội Thể dục ...",https://baochinhphu.vn/huong-dan-to-chuc-dai-hoi-the-duc-the-thao-cac-cap-tien-toi-dai-hoi-the-thao-toan-quoc-lan-thu-x-nam-2026-102240530085309015.htm,"Chinhphu vn Bộ, ban hành, Văn hóa, Du lịch vừa, văn bản hướng dẫn, địa phương triển khai, công tác tổ chức, Đại hội Thể dục","Thế giới, Thể thao","ban hành, hành văn bản, triển khai công tác, tổ chức Đại hội, Đại hội Thể dục, 2024, Thể thao, hành, văn bản, địa phương",,https://baochinhphu.vn
"Buổi sáng nên tập thể dục rồi ăn, hay ăn rồi tập thể dục? - Tuổi Trẻ ...","5 thg 11, 2019 ... Việc ăn sáng trước khi tập thể dục giúp tăng lượng đường trong máu, cung cấp năng lượng cho cơ thể để tăng cường độ và thời gian tập luyện; thực ...",https://tuoitre.vn/buoi-sang-nen-tap-the-duc-roi-an-hay-an-roi-tap-the-duc-2019110420512248.htm,"giúp tăng lượng, thg Việc, máu cung cấp, tập luyện thực, cho cơ thể",Môi trường,"ăn sáng trước khi, tăng lượng, lượng đường trong, đường trong máu, cung cấp năng lượng, 2019, Việc, trước khi, lượng, đường trong",2019-11-04T23:10:00.000Z,https://tuoitre.vn
Nguyên nhân và cách khắc phục viêm mũi do tập thể dục - Báo ...,"14 thg 6, 2022 ... Tiếp xúc chất kích ứng trong không khí: Người tập có thể đã tiếp xúc các chất gây kích ứng như khói, mùi nặng gây kích ứng mũi. Do đó, theo tự ...",https://vnexpress.net/nguyen-nhan-va-cach-khac-phuc-viem-mui-do-tap-the-duc-4473791.html,"chất kích ứng, mùi nặng gây, Người tập, Do đó theo tự, thg Tiếp xúc",Thế giới,"Tiếp xúc chất, chất kích, mùi nặng, ứng mũi, 2022, chất, kích, không khí, khói",,https://vnexpress.net
Thời điểm tập thể dục sau bữa ăn giúp kiểm soát lượng đường ...,"22 thg 4, 2024 ... Trang Eating Well đưa ra thời điểm tập thể dục sau bữa ăn giúp kiểm soát lượng đường trong máu .",https://laodong.vn/suc-khoe/thoi-diem-tap-the-duc-sau-bua-an-giup-kiem-soat-luong-duong-trong-mau-1330438.ldo,"thg Trang Eating, giúp kiểm soát lượng, Well đưa ra, đường trong máu",Môi trường,"đưa ra thời điểm, tập thể dục sau, sau bữa ăn, kiểm soát lượng, lượng đường trong, đường trong máu, 2024, Trang, Eating, Well",2024-04-22T02:19:32.000Z,https://laodong.vn
Thói quen thể dục khiến quý ông giảm sút sức khỏe sinh lý | Báo ...,"20 thg 9, 2024 ... Theo bác sĩ Duy, tập luyện thể dục thể thao ở mức vừa phải có lợi cho sức khỏe sinh lý, giúp tăng cường lưu thông máu, duy trì sức khỏe tim mạch ...",https://dantri.com.vn/suc-khoe/thoi-quen-the-duc-khien-quy-ong-giam-sut-suc-khoe-sinh-ly-20240918005048015.htm,"vừa phải, ở mức, bác sĩ Duy, sinh lý giúp, lưu thông máu, cho sức khỏe, tập luyện thể dục","Y tế, Thể thao","Theo bác sĩ, tập luyện thể dục, thể dục thể thao, sức khỏe sinh lý, lưu thông máu, duy trì sức khỏe, sức khỏe tim mạch, 2024, bác sĩ, thể dục",,https://dantri.com.vn
Khó thở khi tập thể dục cảnh báo bệnh gì? - Báo VnExpress Sức khỏe,"28 thg 4, 2024 ... Khi tập luyện (nhất là khi gắng sức), nhịp thở tăng lên nhằm tăng khả năng trao đổi oxy và đào thải carbonic, tăng thải nhiệt, hơi nước qua ...",https://vnexpress.net/kho-tho-khi-tap-the-duc-canh-bao-benh-gi-4739678.html,"tăng lên nhằm tăng, nhịp thở, hơi nước qua, thg Khi tập luyện, trao đổi oxy, đào thải carbonic",Kinh tế,"khi gắng sức, tăng khả năng, đào thải carbonic, tăng thải nhiệt, 2024, gắng sức, nhịp, khả năng, carbonic, thải nhiệt",,https://vnexpress.net
Tập thể dục có thể giảm nguy cơ ung thư di căn - Báo VnExpress ...,"31 thg 1, 2023 ... Đại học Tel Aviv (Israel) đã nghiên cứu tác động của tập thể dục đối với các cơ quan nội tạng thường phát triển ung thư di căn như phổi, gan và ...",https://vnexpress.net/tap-the-duc-co-the-giam-nguy-co-ung-thu-di-can-4564847.html,"Tel Aviv Israel, phổi gan, thg Đại học, nội tạng thường, nghiên cứu tác động, phát triển ung thư",Thế giới,"31 thg, nghiên cứu tác động, phát triển ung thư, ung thư di căn, 2023, Đại học, Aviv, Israel, tác động, tập thể dục",,https://vnexpress.net
Khung giờ vàng để tập thể dục trong những ngày giá rét,"11 thg 1, 2021 ... Thời điểm này nhịp độ sinh học lên cao, cơ bắp thoát khỏi sự ỳ, hệ thống tuần hoàn, hô hấp hoạt động tốt, cơ bắp đạt đỉnh cao nhất, tập luyện dễ ...",https://laodong.vn/lam-dep/khung-gio-vang-de-tap-the-duc-trong-nhung-ngay-gia-ret-869892.ldo,"nhịp độ, sự ỳ, tốt cơ bắp đạt, thg Thời điểm, nhất tập luyện dễ, sinh học lên cao, hệ thống tuần hoàn, hô hấp hoạt động",Giáo dục,"nhịp độ, thoát khỏi sự, hệ thống tuần hoàn, đạt đỉnh cao, đỉnh cao nhất, 2021, Thời điểm, nhịp, cơ bắp, hệ thống",2021-01-11T10:07:44.000Z,https://laodong.vn
Có nên ăn sáng trước khi tập thể dục? - Tuổi Trẻ Online,"30 thg 7, 2023 ... ""Bởi vậy, đối với người già, người mắc bệnh mãn tính nên ăn sáng nhẹ trước khi tập luyện thể dục, có thể uống một cốc sữa ấm, ăn một chiếc bánh ...",https://tuoitre.vn/co-nen-an-sang-truoc-khi-tap-the-duc-20230729162005003.htm,"người mắc bệnh, uống một cốc, sữa ấm ăn, chiếc bánh, thg Bởi vậy, mãn tính nên, trước khi tập luyện, thể dục có thể",Y tế,"người già, mắc bệnh, bệnh mãn tính, tập luyện thể dục, cốc sữa, sữa ấm, 2023, người, bệnh, mãn tính",2023-07-30T01:08:00.000Z,https://tuoitre.vn
Có cần tránh tập thể dục khi đang bị cảm cúm?,"16 thg 6, 2024 ... Trong khi đó, các triệu chứng của cúm lại nghiêm trọng hơn cảm lạnh, chẳng hạn như cúm sẽ gây sốt, ho, sổ mũi, nhức đầu, nôn mửa, đau nhức cơ ...",https://thanhnien.vn/co-nen-tranh-tap-the-duc-khi-dang-bi-cam-cum-185240614125741418.htm,"cúm lại, gây sốt ho, đau nhức cơ, cảm lạnh chẳng hạn",Thế giới,"đau nhức cơ, 2024, triệu chứng, sổ mũi, nhức đầu, nôn mửa",2024-06-16T01:01:00.000Z,https://thanhnien.vn
Nên ăn trước hay sau tập thể dục? - Báo VnExpress Sức khỏe,"16 thg 11, 2023 ... Nếu bạn ăn vài giờ trước khi tập luyện, các chất dinh dưỡng nạp vào có thể vẫn tồn tại ở nồng độ cao trong máu, kể cả trong và sau khi tập luyện ...",https://vnexpress.net/nen-an-truoc-hay-sau-tap-the-duc-4676365.html,"thg Nếu bạn, ăn vài giờ, chất dinh dưỡng nạp, độ cao trong máu, ở nồng, trước khi tập luyện",Thế giới,"nồng độ cao, sau khi, 2023, trước khi, chất, nồng, độ cao",,https://vnexpress.net
Chúng ta thực sự cần tập thể dục bao nhiêu ngày một tuần?,"27 thg 12, 2024 ... Người giảm cân cần cắt giảm calo một cách khoa học, duy trì nhất quán và đưa tập luyện trở thành thói quen. Phát triển cơ bắp. Những người muốn ...",https://thanhnien.vn/chung-ta-thuc-su-can-tap-the-duc-bao-nhieu-ngay-mot-tuan-185241225164902131.htm,"giảm cân cần, người muốn, thg Người, calo một cách, đưa tập luyện, khoa học duy trì, trở thành thói quen, Phát triển cơ bắp",Xã hội,"27 thg, giảm cân, cắt giảm calo, calo một cách, một cách khoa học, duy trì nhất quán, trở thành thói quen, Phát triển cơ bắp, 2024, calo",2024-12-26T17:09:00.000Z,https://thanhnien.vn
Hướng dẫn tập thể dục giúp giảm mỡ máu - Báo VnExpress Sức khỏe,"26 thg 5, 2023 ... Khi bạn tập thể dục, một buổi tập dài hay chỉ vài phút đi bộ nhanh đều giúp tạo ra những thay đổi tích cực trong cơ thể. Nếu muốn tập thể dục để ...",https://vnexpress.net/huong-dan-tap-the-duc-giup-giam-mo-mau-4609666.html,"giúp tạo ra, buổi tập dài, thg Khi bạn, cơ thể Nếu muốn, nhanh đều, hay chỉ vài, phút đi bộ, thay đổi tích cực",Công nghệ,"26 thg, Khi bạn, thay đổi tích cực, 2023, buổi, thay đổi, cơ thể",,https://vnexpress.net
Các trường hợp có nguy cơ đột quỵ khi tập thể dục,"2 thg 11, 2023 ... Cố gắng quá mức: Đẩy cơ thể vượt quá giới hạn cho phép sẽ dẫn đến căng thẳng quá mức cho hệ thống tim mạch và việc này có khả năng gây ra đột ...",https://laodong.vn/suc-khoe/cac-truong-hop-co-nguy-co-dot-quy-khi-tap-the-duc-1261788.ldo,"gây ra đột, dẫn đến, thg Cố gắng, quá mức Đẩy, tim mạch và việc, cho hệ thống",Thế giới,"vượt quá giới hạn, hệ thống tim mạch, có khả năng, ra đột, 2023, cơ thể, giới hạn, hệ thống, tim mạch, việc",2023-11-01T23:00:00.000Z,https://laodong.vn
Tập thể dục chưa đến 15 phút mỗi ngày có thể kéo dài tuổi thọ thêm ...,"17 thg 9, 2019 ... (Dân trí) - Tập thể dục chỉ 13 phút mỗi ngày có thể kéo dài tuổi thọ thêm ba năm, các nhà nghiên cứu đã tìm thấy.",https://dantri.com.vn/suc-khoe/tap-the-duc-chua-den-15-phut-moi-ngay-co-the-keo-dai-tuoi-tho-them-ba-nam-20190917065831577.htm,"chỉ phút mỗi, thêm ba năm, nhà nghiên cứu, thg Dân trí, kéo dài tuổi thọ",Thế giới,"2019, Tập thể dục",,https://dantri.com.vn
Những bài tập thể dục phòng bệnh đột quỵ cực kì hiệu quả,"9 thg 1, 2024 ... Theo Trung tâm Thông tin Y khoa - Bệnh viện Đa khoa Tâm Anh TPHCM, thường xuyên tập thể dục mang đến tác dụng tích cực trong việc hạn chế ...",https://laodong.vn/suc-khoe/nhung-bai-tap-the-duc-phong-benh-dot-quy-cuc-ki-hieu-qua-1289575.ldo,"Tâm Anh TPHCM, mang đến, việc hạn chế, thg Theo Trung tâm, Thông tin Y khoa, tác dụng tích cực",Thế giới,"Theo Trung tâm, Trung tâm Thông tin, Thông tin Y khoa, Bệnh viện Đa khoa, tác dụng tích cực, 2024, Trung tâm, Thông tin, Y khoa, Bệnh viện",2024-01-09T13:00:00.000Z,https://laodong.vn
"Ăn kiêng hay tập thể dục, cái nào giảm cân tốt hơn?","13 thg 8, 2019 ... Mặc dù việc đốt cháy chất béo và calo tại phòng tập thể dục luôn được nhắc đến, nhưng những người thay đổi chế độ ăn kiêng lại giảm cân nhiều ...",https://thanhnien.vn/an-kieng-hay-tap-the-duc-cai-nao-giam-can-tot-hon-185873976.htm,"giảm cân nhiều, nhắc đến nhưng, calo tại phòng, thg Mặc dù việc, người thay đổi, ăn kiêng lại, tập thể dục luôn, đốt cháy chất béo",Thế giới,"đốt cháy chất béo, thay đổi chế độ, 2019, việc, chất béo, phòng, chế độ",2019-08-13T02:28:00.000Z,https://thanhnien.vn
Dàn 'nam thần' của Thể dục Dụng cụ Việt Nam - Báo VnExpress Thể ...,"8 thg 5, 2023 ... Dàn 'nam thần' của Thể dục Dụng cụ Việt Nam · Tuyển Thể dục Dụng cụ (TDDC) của Việt Nam dự đại hội ở Campuchia năm nay gồm Đinh Phương Thành, Lê ...",https://vnexpress.net/dan-nam-than-cua-the-duc-dung-cu-viet-nam-4602765.html,"thg Dàn nam, gồm Đinh Phương, Thành Lê, dự đại hội ở, Việt Nam Tuyển, thần của Thể dục, Dụng cụ TDDC, Campuchia năm nay",Thể thao,"nam thần, thần ', Thể dục Dụng cụ, · Tuyển, Tuyển Thể dục, dự đại hội, 2023, thần, Thể dục, Dụng cụ",,https://vnexpress.net
Vụ VĐV thể dục dụng cụ tố bị ăn chặn: Cục Thể dục thể thao bị phê ...,"1 thg 2, 2024 ... Cho thôi tập huấn đội tuyển quốc gia với vận động viên Phạm Như Phương là đúng quy định. 17/01/2024 11:53. Trước đó, VĐV Phạm Như Phương (đội ...",https://tuoitre.vn/vu-vdv-the-duc-dung-cu-to-bi-an-chan-cuc-the-duc-the-thao-bi-phe-binh-vi-cham-bao-cao-bo-20240201114612125.htm,"VĐV Phạm, Phương đội, thg Cho thôi, đúng quy định Trước",Thế giới,"tập huấn đội tuyển, đội tuyển quốc gia, 2024, đội tuyển, quốc gia, vận động viên, Phạm, Phương, quy định, 17/01/2024",2024-02-01T04:52:00.000Z,https://tuoitre.vn
"Lưu ý khi tập thể dục tránh tăng, hạ đường huyết - Báo VnExpress ...","9 thg 2, 2023 ... Lưu ý khi tập thể dục tránh tăng, hạ đường huyết. Người bệnh tiểu đường nên uống đủ nước, duy trì mức đường huyết 100-200mg/dl khi tập thể dục, ...",https://vnexpress.net/luu-y-khi-tap-the-duc-tranh-tang-ha-duong-huyet-4568551.html,"uống đủ nước, tránh tăng hạ, mg dl, duy trì mức, thg Lưu ý, tiểu đường nên",Thế giới,"Lưu ý khi, hạ đường huyết, Người bệnh tiểu đường, duy trì mức, mức đường huyết, dl khi, 2023, đường huyết, Người bệnh, tiểu đường",,https://vnexpress.net
"Thêm loạt trường ĐH thể dục thể thao công bố, hơn 250 trường có ...","20 thg 8, 2024 ... Phương thức 405 (Kết hợp kết quả thi tốt nghiệp THPT với điểm thi năng khiếu để xét tuyển) có điểm chuẩn trúng tuyển 23,75 điểm trên thang điểm ...",https://dantri.com.vn/giao-duc/them-loat-truong-dh-the-duc-the-thao-cong-bo-hon-250-truong-co-diem-chuan-20240820094759299.htm,"điểm thi, xét tuyển, thg Phương thức, tốt nghiệp THPT, Kết hợp kết quả",Thế giới,"Kết hợp kết quả, xét tuyển, có điểm, điểm chuẩn, 23,75 điểm, thang điểm, 2024, Phương thức, kết quả, điểm",,https://dantri.com.vn
Simone Biles phá kỷ lục 90 năm của thể dục dụng cụ Mỹ - Báo ...,"29 thg 8, 2023 ... Mỹ- Simone Biles, 26 tuổi, trở thành VĐV Mỹ đầu tiên giành tám HC vàng toàn năng với chiến thắng tại giải vô địch TDDC Mỹ 2023. - VnExpress.",https://vnexpress.net/simone-biles-pha-ky-luc-90-nam-cua-the-duc-dung-cu-my-4647105.html,"thg Mỹ Simone, HC vàng, Biles tuổi, giành tám, giải vô địch TDDC, trở thành VĐV","Thế giới, Thể thao","trở thành VĐV, vàng toàn năng, giải vô địch, vô địch TDDC, 2023, Simone, Biles, tuổi, vàng, chiến thắng",,https://vnexpress.net
Có nên uống nước khi tập thể dục?,"10 thg 11, 2022 ... Theo trang Eat this not that, uống nước trước, trong và sau khi tập thể dục để cung cấp đủ nước cho cơ thể. Việc bổ sung nước là quan trọng ...",https://laodong.vn/suc-khoe/co-nen-uong-nuoc-khi-tap-the-duc-1114753.ldo,"not that uống, đủ nước cho, trang Eat this, cơ thể Việc",Thế giới,"Theo trang, not that, uống nước, nước trước, sau khi, bổ sung nước, 2022, trang, that, nước",2022-11-10T07:00:00.000Z,https://laodong.vn
Thể dục dụng cụ Việt Nam không giành được vé chính thức đến ...,"18 thg 5, 2024 ... Thể dục dụng cụ Việt Nam không giành được vé chính thức đến Olympic Paris · Đội tuyển thể dục dụng cụ Việt Nam đã thi đấu không thành công tại ...",https://tuoitre.vn/the-duc-dung-cu-viet-nam-khong-gianh-duoc-ve-chinh-thuc-den-olympic-paris-20240518174045707.htm,"đến Olympic Paris, giành được vé, thg Thể dục, dụng cụ Việt Nam","Thế giới, Thể thao","Thể dục dụng cụ, được vé, vé chính thức, · Đội tuyển, Đội tuyển thể dục, thể dục dụng cụ, 2024, Thể dục, dụng cụ, Việt Nam",2024-05-18T11:06:00.000Z,https://tuoitre.vn
Nên tập thể dục vào giờ nào trong ngày? | Báo Dân trí,"17 thg 7, 2016 ... (Dân trí) - Khả năng chịu đau và phong độ của bạn đạt mức tối đa vào một số thời điểm trong ngày. · 7-9h: Sức chịu đau cao hơn · 10h-12h: Sự ...",https://dantri.com.vn/suc-khoe/nen-tap-the-duc-vao-gio-nao-trong-ngay-20160717084426135.htm,"h h Sự, Sức chịu đau, bạn đạt mức, thg Dân trí, một số thời điểm",Thế giới,"đạt mức, mức tối đa, 2016, Khả năng, phong độ, thời điểm",,https://dantri.com.vn
10 “đừng” khi tập thể dục | Báo Dân trí,"21 thg 2, 2015 ... Tình trạng này nếu diễn ra trong một thời gian dài sẽ gây viêm loét dạ dày và tác động xấu đến các bộ phận của hệ tiêu hóa. Chính vì vậy, lời ...",https://dantri.com.vn/suc-khoe/10-dung-khi-tap-the-duc-1424402875.htm,"gây viêm loét, nếu diễn ra, xấu đến, hệ tiêu hóa Chính, thg Tình trạng, một thời gian dài, vì vậy lời",Thế giới,"thời gian dài, viêm loét, loét dạ dày, hệ tiêu hóa, 2015, Tình trạng, thời gian, loét, dạ dày, bộ phận",,https://dantri.com.vn
Vì sao nhiều người đau đầu khi tập thể dục? - Báo VnExpress Sức ...,"17 thg 11, 2022 ... Sự giãn nở cùng với huyết áp tăng lên dẫn đến tăng áp lực trong hộp sọ và gây ra cơn đau đầu. Ngoài ra, khi tập thể dục, cơ thể cũng tiết ra ...",https://vnexpress.net/vi-sao-nhieu-nguoi-dau-dau-khi-tap-the-duc-4537066.html,"tăng lên dẫn, gây ra cơn, thg Sự, cơ thể cũng tiết, cùng với huyết áp",Thế giới,"cùng với huyết áp, tăng áp lực, ra cơn, 2022, huyết áp, áp lực, hộp sọ, cơ thể",,https://vnexpress.net
Có nên tập thể dục trước khi đi ngủ?,"2 thg 2, 2023 ... Theo Lê Trung Thành - Huấn luyện viên thể hình tại CLB Gym TeamDTT (TPHCM), việc tập thể dục vào buổi tối giúp bạn dễ ngủ và ngủ sâu giấc hơn.",https://laodong.vn/lam-dep/co-nen-tap-the-duc-truoc-khi-di-ngu-1143296.ldo,"bạn dễ ngủ, buổi tối, Lê Trung Thành, TeamDTT TPHCM việc, CLB Gym, sâu giấc","Thế giới, Thể thao","buổi tối, giúp bạn, bạn dễ, giấc hơn, 2023, Trung, Thành, Huấn luyện viên, việc, buổi",2023-02-02T02:00:00.000Z,https://laodong.vn
6 lưu ý khi tập thể dục dưới trời lạnh - Báo VnExpress Sức khỏe,"20 thg 12, 2022 ... Thời tiết lạnh hơn đòi hỏi thời gian khởi động lâu hơn để giúp tăng lưu lượng máu và nhiệt độ trong cơ. Khi tập thể dục dưới trời lạnh, bạn có ...",https://vnexpress.net/6-luu-y-khi-tap-the-duc-duoi-troi-lanh-4550388.html,"trời lạnh bạn, giúp tăng, lưu lượng máu, khởi động lâu, nhiệt độ trong cơ, thg Thời tiết, tập thể dục dưới, đòi hỏi thời gian",Thế giới,"đòi hỏi thời gian, lưu lượng máu, trời lạnh, 2022, thời gian, nhiệt độ, trời",,https://vnexpress.net
"Bài tập thể dục ""5 phút"" dành riêng cho bệnh nhân ung thư vú | Báo ...","14 thg 5, 2020 ... (Dân trí) - Tập thể dục không chỉ giúp tăng cường sức khỏe cho các bệnh nhân ung thư, mà nó còn giúp ngăn ngừa chứng phù bạch huyết, ...",https://dantri.com.vn/suc-khoe/bai-tap-the-duc-5-phut-danh-rieng-cho-benh-nhan-ung-thu-vu-20200513185605020.htm,"nó còn giúp, chứng phù, thg Dân trí, sức khỏe cho, bệnh nhân ung thư",Thế giới,"bệnh nhân ung thư, giúp ngăn ngừa, chứng phù, phù bạch huyết, 2020, Tập thể dục, bệnh nhân, ung thư, ngăn ngừa, bạch huyết",,https://dantri.com.vn
Xóa tan 4 lý do khiến bạn ngại tập thể dục | Báo Dân trí,"16 thg 6, 2018 ... Hoạt động thể chất thường xuyên không chỉ làm giảm các triệu chứng lo âu và trầm cảm mà còn cải thiện chất lượng sống ở những người mang các ...",https://dantri.com.vn/suc-khoe/xoa-tan-4-ly-do-khien-ban-ngai-tap-the-duc-20180616065059381.htm,"chỉ làm giảm, người mang, sống ở, thg Hoạt động, thể chất thường xuyên, triệu chứng lo âu, trầm cảm mà còn",Thế giới,"cải thiện chất lượng, 2018, triệu chứng, chất lượng",,https://dantri.com.vn
Nên tập thể dục hay nghỉ ngơi khi cảm lạnh? - Báo VnExpress Sức ...,"10 thg 2, 2023 ... Người bị cảm lạnh có thể tập yoga, đi bộ, đạp xe… nếu các triệu chứng nhẹ; nên giảm cường độ, tránh vận động mạnh khi khó thở. - VnExpress.",https://vnexpress.net/nen-tap-the-duc-hay-nghi-ngoi-khi-cam-lanh-4569055.html,"nhẹ nên giảm, thg Người bị, đạp xe nếu, tập yoga, tránh vận động mạnh, khó thở VnExpress, cảm lạnh có thể",Thế giới,"tập yoga, đạp xe, triệu chứng nhẹ, giảm cường độ, 2023, yoga, triệu chứng, cường độ, VnExpress",,https://vnexpress.net
Tập thể dục vào tối muộn có khiến bạn khó ngủ? | Báo Dân trí,"30 thg 9, 2023 ... Một nghiên cứu khác năm 2020 cũng có kết quả tương tự. 16 người đàn ông và phụ nữ đã hoàn thành các bài tập cường độ vừa phải vào các thời điểm ...",https://dantri.com.vn/suc-khoe/tap-the-duc-vao-toi-muon-co-khien-ban-kho-ngu-20230930063021371.htm,"thg Một, khác năm, tương tự người, bài tập cường độ",Y tế,"có kết quả, kết quả tương tự, 2023, 2020, kết quả, đàn ông, phụ nữ, bài tập, thời điểm",,https://dantri.com.vn
"Tập thể dục đúng: Lúc nào, bao lâu và ở đâu? | Báo Dân trí","13 thg 2, 2016 ... Để dễ nhất quán, nếu không có gì vướng bận, buổi sáng có thể là thời gian tốt nhất để tập thể dục. Theo TS Cedric Bryant, Giám đốc Hội đồng Tập ...",https://dantri.com.vn/suc-khoe/tap-the-duc-dung-luc-nao-bao-lau-va-o-dau-20160128062224496.htm,"TS Cedric Bryant, gì vướng bận, tốt nhất, thg Để dễ, Hội đồng Tập, buổi sáng có thể",Y tế,"buổi sáng, là thời gian, thời gian tốt, Theo TS, Giám đốc Hội đồng, 2016, buổi, sáng, thời gian, Cedric",,https://dantri.com.vn
"Tập thể dục khi no hay đói sẽ ""đốt"" mỡ tốt hơn? | Báo Dân trí","10 thg 8, 2022 ... (Dân trí) - Nhiều người tin rằng buổi sáng là lý tưởng để tập thể dục, bởi có thể đốt cháy tới 20% lượng mỡ trong cơ thể khi tập trong lúc ...",https://dantri.com.vn/suc-khoe/tap-the-duc-khi-no-hay-doi-se-dot-mo-tot-hon-20220810071234655.htm,"người tin rằng, tới lượng mỡ, thg Dân trí Nhiều, cơ thể khi tập",Y tế,"là lý tưởng, % lượng, lượng mỡ, cơ thể khi, tập trong lúc, 2022, buổi sáng, lý tưởng, lượng, cơ thể",,https://dantri.com.vn
Lưu ý về việc tắm sau khi tập thể dục,"3 thg 10, 2021 ... Sau khi tập thể dục , bạn nên chờ cơ thể được thả lỏng khoảng 20-30 phút, chờ cơ thể khô mồ hôi và bình thường hoá nhịp tim rồi mới bắt đầu ...",https://laodong.vn/suc-khoe/luu-y-ve-viec-tam-sau-khi-tap-the-duc-959723.ldo,"khoảng phút chờ, hoá nhịp tim, bạn nên, cơ thể khô, rồi mới",Chính trị,"Sau khi, chờ cơ thể, cơ thể khô, hoá nhịp, nhịp tim, 2021, cơ thể, mồ hôi, nhịp",2021-10-03T14:00:00.000Z,https://laodong.vn
8 lợi ích của việc tập thể dục vào buổi sáng,"28 thg 6, 2021 ... 8 lợi ích của việc tập thể dục vào buổi sáng · 1. Tăng sự tỉnh táo · 2. Thêm năng lượng tổng thể · 3. Tập trung tốt hơn · 4. Tâm trạng tốt hơn.",https://laodong.vn/suc-khoe/8-loi-ich-cua-viec-tap-the-duc-vao-buoi-sang-924851.ldo,"buổi sáng, Tăng sự, Tập trung tốt, tỉnh táo Thêm, lợi ích của việc, năng lượng tổng thể",Công nghệ,"buổi sáng, sáng ·, Tăng sự, tỉnh táo ·, Thêm năng lượng, tổng thể ·, Tâm trạng tốt, 2021, lợi ích, việc",2021-06-27T23:34:23.000Z,https://laodong.vn
Làm việc nhà có được coi là tập thể dục? | Báo Dân trí,"21 thg 10, 2013 ... Tuy nhiên, các nhà khoa học trong nghiên cứu này lại cho rằng những người coi việc nhà là những bài tập thể dục thường đánh giá quá cao cường độ ...",https://dantri.com.vn/suc-khoe/lam-viec-nha-co-duoc-coi-la-tap-the-duc-1382827642.htm,"người coi, cho rằng, nhà khoa học, thường đánh giá quá, thg Tuy nhiên, nghiên cứu này lại, bài tập thể dục",Thế giới,"nhà khoa học, coi việc nhà, bài tập thể dục, 2013, khoa học, nghiên cứu, việc nhà, tập thể dục, cường độ",,https://dantri.com.vn
Lợi ích của tập thể dục với hệ tiết niệu - Báo VnExpress Sức khỏe,"17 thg 2, 2023 ... Khi bạn tập thể dục cường độ cao, thận sẽ tiết ra axit lactic do vậy nước tiểu có tính axit hơn trong khi tập thể dục. Sau khi tập thể dục, ...",https://vnexpress.net/loi-ich-cua-tap-the-duc-voi-he-tiet-nieu-4571661.html,"tiết ra axit, thg Khi bạn, lactic do vậy, cường độ cao thận, nước tiểu có tính",Công nghệ,"Khi bạn, tập thể dục cường độ, cường độ cao, axit lactic, có tính, tính axit, Sau khi, 2023, cường độ, thận",,https://vnexpress.net
Có nên tập thể dục khi bị chấn thương? - Báo VnExpress Sức khỏe,"7 thg 8, 2022 ... Sau chấn thương thể dục thể thao, dù để cơ thể nghỉ ngơi và mau chóng bình phục là điều cần thiết nhưng cũng không có nghĩa là chỉ nằm một chỗ, ...",https://vnexpress.net/co-nen-tap-the-duc-khi-bi-chan-thuong-4496709.html,"nằm một chỗ, bình phục là điều, thể thao dù, thg Sau chấn thương, cần thiết nhưng","Y tế, Thể thao","Sau chấn thương, chấn thương thể dục, thể dục thể thao, là điều, điều cần thiết, 2022, chấn thương, thể dục, thể thao, điều",,https://vnexpress.net
"Đề xuất đưa golf vào môn thể dục ở trường học cấp 1, cấp 2 - Tuổi ...","27 thg 11, 2024 ... ""Giải pháp là phát triển chương trình giáo dục golf vào môn thể dục ở trường học, đặc biệt là ở các trường học cấp 1, cấp 2, việc tham gia golf ...",https://tuoitre.vn/de-xuat-dua-golf-vao-mon-the-duc-o-truong-hoc-cap-1-cap-2-20241127160746252.htm,"cấp cấp việc, môn thể dục ở, tham gia golf, thg Giải pháp, phát triển chương trình, trường học đặc biệt",Giáo dục,"27 thg, phát triển chương trình, môn thể dục, trường học cấp, 2024, Giải pháp, chương trình, thể dục, trường học, việc",2024-11-27T10:36:00.000Z,https://tuoitre.vn
Tìm ra lý do tại sao có người tập thể dục hằng ngày vẫn bị đột tử,"14 thg 6, 2021 ... Việc tập luyện thể dục quá độ và thi đấu trong các sự kiện sức bền có thể dẫn đến tổn thương tim và rối loạn nhịp tim. Và những người có yếu tố ...",https://thanhnien.vn/tim-ra-ly-do-tai-sao-co-nguoi-tap-the-duc-hang-ngay-van-bi-dot-tu-1851077361.htm,"thg Việc, rối loạn nhịp tim, dẫn đến, người có yếu tố, tập luyện thể dục, sự kiện sức bền",Thế giới,"tập luyện thể dục, sự kiện sức bền, tổn thương tim, loạn nhịp, nhịp tim, có yếu tố, 2021, Việc, thể dục, sự kiện",2021-06-13T18:16:00.000Z,https://thanhnien.vn
Có nên tập thể dục khi làm IVF? - Báo VnExpress Sức khỏe,"21 thg 2, 2023 ... Ngoài việc tránh các bài tập cường độ cao, có một số thời điểm nhất định trong quá trình IVF, bạn cũng nên tránh tập thể dục hoàn toàn. Theo ...",https://vnexpress.net/co-nen-tap-the-duc-khi-lam-ivf-4573043.html,"việc tránh, thg Ngoài, IVF bạn, bài tập cường, một số thời điểm",Thế giới,"bài tập cường độ, cường độ cao, 2023, việc, bài tập, cường độ, thời điểm, quá trình",,https://vnexpress.net
Tập thể dục cường độ cao có thể làm giảm nguy cơ ung thư,"12 thg 12, 2022 ... Một nghiên cứu hoàn toàn mới được thực hiện bởi Trung tâm Kiểm soát Dịch bệnh Israel và Vụ Dinh dưỡng của Bộ Y tế Israel và được công bố ...",https://thanhnien.vn/tap-the-duc-cuong-do-cao-co-the-lam-giam-nguy-co-ung-thu-1851530410.htm,"Israel và Vụ, thg Một, Bộ Y tế, mới được thực hiện, bởi Trung tâm, nghiên cứu hoàn toàn, Kiểm soát Dịch bệnh",Giáo dục,"Kiểm soát Dịch bệnh, Vụ Dinh dưỡng, Bộ Y tế, 2022, Trung tâm, Dịch bệnh, Israel, Dinh dưỡng, Y tế",2022-12-11T17:07:43.000Z,https://thanhnien.vn
Tập thể dục giúp tăng trí nhớ và khả năng tư duy,"2 thg 9, 2021 ... Tập thể dục với cường độ vừa phải, hợp lý có thể giúp cải thiện tư duy và trí nhớ của bạn chỉ trong sáu tháng.",https://laodong.vn/suc-khoe/tap-the-duc-giup-tang-tri-nho-va-kha-nang-tu-duy-948525.ldo,"bạn chỉ, sáu tháng, giúp cải thiện, thg Tập thể dục, cường độ vừa phải",Thế giới,"cường độ vừa phải, 2021, cường độ, vừa phải, trí nhớ, tháng",2021-09-01T23:30:00.000Z,https://laodong.vn
6 thói quen tập thể dục đang hủy hoại cánh tay sau 50 tuổi,"16 thg 4, 2023 ... Tuy nhiên, cơ thể thường không sử dụng một cơ tại một thời điểm. Đây là lý do nên thực hiện các bài tập tổng hợp. Nên thực hiện các bài tập tổng ...",https://laodong.vn/suc-khoe/6-thoi-quen-tap-the-duc-dang-huy-hoai-canh-tay-sau-50-tuoi-1180116.ldo,"một cơ, tổng hợp Nên, thg Tuy nhiên, thời điểm Đây, lý do nên, thường không sử dụng",Thế giới,"là lý do, bài tập tổng hợp, bài tập tổng, 2023, cơ thể, thời điểm, lý do, bài tập, tổng",2023-04-16T05:00:00.000Z,https://laodong.vn
Lý do tại sao bạn nên uống nước ấm sau khi tập thể dục,"20 thg 7, 2024 ... Lý do tại sao bạn nên uống nước ấm sau khi tập thể dục · Tăng cường độ ẩm. Khi bạn tập thể dục sẽ khiến cơ thể mất nước và việc bổ sung lượng ...",https://laodong.vn/suc-khoe/ly-do-tai-sao-ban-nen-uong-nuoc-am-sau-khi-tap-the-duc-1369160.ldo,"bạn nên uống, nước ấm, việc bổ sung lượng, thg Lý do, khiến cơ thể, Tăng cường độ ẩm",Thế giới,"uống nước, nước ấm, sau khi, tập thể dục ·, Khi bạn, khiến cơ thể, bổ sung lượng, 2024, Lý do, nước",2024-07-20T09:25:06.000Z,https://laodong.vn
Vì sao cơ bắp nhức mỏi sau khi tập thể dục thể thao? | Báo Dân trí,"15 thg 1, 2024 ... (Dân trí) - Nhiều người lầm tưởng rằng acid lactic tích tụ sau khi vận động quá mức là nguyên nhân gây nhức mỏi, nhưng sự thật thú vị hơn thế ...",https://dantri.com.vn/khoa-hoc-cong-nghe/vi-sao-co-bap-nhuc-moi-sau-khi-tap-the-duc-the-thao-20240115004650439.htm,"người lầm tưởng, gây nhức mỏi, rằng acid lactic, thg Dân trí Nhiều, thú vị hơn thế, nhưng sự thật, vận động quá mức",Y tế,"lactic tích tụ, tích tụ sau, sau khi, là nguyên nhân, sự thật thú vị, 2024, người, acid, tích tụ, nguyên nhân",,https://dantri.com.vn
Đâu là thời điểm tập thể dục tốt nhất cho người tiểu đường loại 2?,"9 thg 12, 2021 ... Tập thể dục có thể giúp giảm nồng độ đường glucose trong máu. Do đó, để tránh đường huyết tăng quá cao sau bữa ăn, người mắc tiểu đường nên tập ...",https://thanhnien.vn/dau-la-thoi-diem-tap-the-duc-tot-nhat-cho-nguoi-tieu-duong-loai-2-1851409501.htm,"giúp giảm nồng, tăng quá cao, tiểu đường nên tập, glucose trong máu, bữa ăn người mắc, Do đó để tránh, thg Tập thể dục",Thế giới,"nồng độ đường, sau bữa ăn, mắc tiểu đường, 2021, độ đường, bữa ăn, người, tiểu đường",2021-12-08T17:09:15.000Z,https://thanhnien.vn
Olympic 2024: Thể dục dụng cụ Nhật Bản vượt Trung Quốc trong ...,"30 thg 7, 2024 ... Đội tuyển thể dục dụng cụ nam Nhật Bản đã xuất sắc đánh bại Trung Quốc để giành huy chương vàng tại Olympic Paris 2024. ... Chiếc huy chương vàng ...",https://tuoitre.vn/olympic-2024-the-duc-dung-cu-nhat-ban-vuot-trung-quoc-trong-gang-tac-de-lay-vang-2024073009375252.htm,"Olympic Paris Chiếc, giành huy chương vàng, dụng cụ nam, thg Đội tuyển, xuất sắc đánh bại","Thế giới, Thể thao","Đội tuyển thể dục, thể dục dụng cụ, dụng cụ nam, giành huy chương, huy chương vàng, 2024, Đội tuyển, thể dục, dụng cụ, Nhật Bản",2024-07-30T03:18:00.000Z,https://tuoitre.vn
"Người tập thể dục thường xuyên và người nghỉ ngơi dài hạn, ai ...","22 thg 8, 2024 ... Cụ thể, trong quá trình nghiên cứu, có 2.169 trường hợp tử vong. Kết quả cuối cùng cho thấy 6,25 giờ tập thể dục nhẹ như đi bộ, nấu ăn hoặc tập ...",https://cafef.vn/nguoi-tap-the-duc-thuong-xuyen-va-nguoi-nghi-ngoi-dai-han-ai-song-tho-hon-nghien-cuu-hon-1500-nguoi-phat-hien-diem-chung-cua-truong-tho-188240821184029353.chn,"cho thấy giờ, trường hợp, hoặc tập, thg Cụ thể, nhẹ như đi bộ, quá trình nghiên cứu, tử vong Kết quả",Giáo dục,"có 2.169, 2.169 trường, trường hợp, Kết quả cuối cùng, thấy 6,25, 6,25 giờ, 2024, quá trình, 2.169, trường",2024-08-21T19:00:00.000Z,https://cafef.vn
Tập thể dục buổi nào là tốt nhất cho bạn?,"14 thg 2, 2021 ... Theo nghiên cứu được công bố vào tháng 12.2020 trên tạp chí Physiological Reports, ""luyện tập thể dục vào buổi chiều dẫn đến sự thích nghi trao ...",https://thanhnien.vn/tap-the-duc-buoi-nao-la-tot-nhat-cho-ban-1851036724.htm,"buổi chiều, Physiological Reports luyện, dẫn đến sự, công bố vào tháng, thích nghi trao, thg Theo nghiên cứu",Thế giới,"buổi chiều, 2021, tháng, tạp chí, Physiological, Reports, buổi, chiều",2021-02-13T17:10:00.000Z,https://thanhnien.vn
Lưu ý tập thể dục cho người bị gout - Báo VnExpress Sức khỏe,"5 thg 11, 2022 ... Người bị gout nên duy trì hoạt động thể thao thường xuyên, tuy nhiên cần tránh các bài tập cường độ cao, đặc biệt trong các đợt đau khớp cấp ...",https://vnexpress.net/luu-y-tap-the-duc-cho-nguoi-bi-gout-4532479.html,"thg Người bị, cần tránh, gout nên, đợt đau khớp cấp, bài tập cường, duy trì hoạt động, thể thao thường xuyên, độ cao đặc biệt","Thế giới, Thể thao","hoạt động thể thao, thể thao thường xuyên, bài tập cường độ, cường độ cao, đau khớp cấp, 2022, thể thao, bài tập, cường độ",,https://vnexpress.net
Tập thể dục thế nào để tăng cường trí nhớ?,"30 thg 5, 2024 ... Giống như cơ bắp, trí nhớ muốn hoạt động ở trạng thái tối ưu thì cũng cần được rèn luyện thường xuyên. Nhiều bằng chứng khoa học cho thấy ...",https://thanhnien.vn/tap-the-duc-the-nao-de-tang-cuong-tri-nho-185240527181700952.htm,"cho thấy, muốn hoạt động ở, thì cũng cần, Nhiều bằng chứng, Giống như cơ bắp, trạng thái tối ưu, rèn luyện thường xuyên",Xã hội,"Giống như cơ bắp, trạng thái tối ưu, bằng chứng khoa học, 2024, cơ bắp, trí nhớ, trạng thái, tối ưu, bằng chứng, khoa học",2024-05-29T17:06:00.000Z,https://thanhnien.vn
Tập thể dục đều đặn có lợi với huyết áp ra sao?,"1 thg 1, 2024 ... Hệ quả là giúp giảm áp lực tác động các động mạch, nhờ đó giảm huyết áp. Một số bằng chứng nghiên cứu cho thấy tập thể dục đều đặn có thể giúp ...",https://thanhnien.vn/tap-the-duc-deu-dan-co-loi-voi-huyet-ap-ra-sao-185231229140722071.htm,"giúp giảm, cho thấy, động mạch nhờ, huyết áp Một số, bằng chứng nghiên cứu, đều đặn có thể",Môi trường,"giảm áp lực, giảm huyết áp, 2024, áp lực, động mạch, huyết áp, bằng chứng",2023-12-31T17:09:00.000Z,https://thanhnien.vn
Những trường hợp buồn ngủ sau khi tập thể dục có thể nguy hiểm ...,"20 thg 5, 2016 ... Tập thể dục, thể thao là cách để rèn luyện sức khỏe rất tốt. Tuy nhiên, có nhiều trường hợp sau mỗi buổi tập thường có cảm giác buồn ngủ.",https://tienphong.vn/nhung-truong-hop-buon-ngu-sau-khi-tap-the-duc-co-the-nguy-hiem-tinh-mang-post872792.tpo,"mỗi buổi tập, rất tốt, thể thao là cách, nhiều trường hợp, thường có cảm giác, rèn luyện sức khỏe","Y tế, Thể thao","là cách, rèn luyện sức khỏe, trường hợp sau, có cảm giác, cảm giác buồn ngủ, 2016, thể thao, cách, sức khỏe, trường hợp",2016-05-19T23:00:00.000Z,https://tienphong.vn
"Bài thể dục ""quốc dân"" ở nơi có nhiều người sống thọ nhất thế giới ...","28 thg 8, 2023 ... Bài tập 3 phút mà những người sống lâu nhất Nhật Bản thực hiện mỗi ngày có tên là radio taiso hay raijo taiso. Dịch ra là bài thể dục trên đài, ...",https://dantri.com.vn/suc-khoe/bai-the-duc-quoc-dan-o-noi-co-nhieu-nguoi-song-tho-nhat-the-gioi-20230827204217563.htm,"raijo taiso Dịch, người sống lâu, ra là bài, mỗi ngày có tên, nhất Nhật Bản, thể dục trên đài, thg Bài tập phút",Thế giới,"có tên, là radio, raijo taiso, là bài, bài thể dục, 2023, Bài tập, Nhật Bản, radio, taiso",,https://dantri.com.vn
Video cùng tập thể dục với hai bộ trưởng Tô Lâm và Kim Tiến - Tuổi ...,"12 thg 6, 2019 ... Video cùng tập thể dục với hai bộ trưởng Tô Lâm và Kim Tiến · TTO - Trong buổi hội nghị sơ kết 5 năm thực hiện quy chế phối hợp giữa Bộ Công an ...",https://tuoitre.vn/video-cung-tap-the-duc-voi-hai-bo-truong-to-lam-va-kim-tien-20190612204422066.htm,"thg Video cùng, Kim Tiến TTO, Tô Lâm, buổi hội nghị, Bộ Công an, hai bộ trưởng, sơ kết năm, thực hiện quy chế","Thế giới, Chính trị","Tiến ·, buổi hội nghị, hội nghị sơ kết, thực hiện quy chế, Bộ Công an, 2019, bộ trưởng, buổi, hội nghị, sơ kết",2019-06-12T13:44:00.000Z,https://tuoitre.vn
Cần tập thể dục bao lâu một ngày để giảm cholesterol trong máu?,"3 thg 3, 2024 ... Tất cả chúng ta đều biết rằng tập thể dục là điều cần thiết cho sức khỏe thể chất và tinh thần. Với những người có nồng độ cholesterol cao, ...",https://thanhnien.vn/can-tap-the-duc-bao-lau-mot-ngay-de-giam-cholesterol-trong-mau-185240302010111942.htm,"cholesterol cao, đều biết rằng, điều cần thiết cho, thg Tất cả, người có nồng độ, sức khỏe thể chất",Y tế,"là điều, điều cần thiết, có nồng độ, nồng độ cholesterol, cholesterol cao, 2024, tập thể dục, điều, sức khỏe, tinh thần",2024-03-02T17:06:00.000Z,https://thanhnien.vn
Trường Y Harvard: 5 bài tập thể dục tốt nhất bạn có thể thực hiện ...,"27 thg 8, 2024 ... Nghiên cứu đã phát hiện ra rằng bơi lội cũng có thể cải thiện trạng thái tinh thần và giúp bạn có tâm trạng tốt hơn. Thể dục nhịp điệu dưới nước ...",https://dantri.com.vn/suc-khoe/truong-y-harvard-5-bai-tap-the-duc-tot-nhat-ban-co-the-thuc-hien-20240825203807692.htm,"giúp bạn, nhịp điệu dưới nước, ra rằng, thg Nghiên cứu, tâm trạng tốt",Thế giới,"27 thg, cải thiện trạng thái, trạng thái tinh thần, giúp bạn, có tâm trạng, tâm trạng tốt, 2024, trạng thái, tinh thần, tâm trạng",,https://dantri.com.vn
Vì sao tập thể dục giúp bạn quyến rũ hơn? | Báo Dân trí,"27 thg 10, 2013 ... Rất nhiều các công trình nghiên cứu đã chứng minh rằng đàn ông và phụ nữ càng ít bị stress sẽ trông càng quyến rũ hơn. Theo Mayo Clinic, thể dục ...",https://dantri.com.vn/suc-khoe/vi-sao-tap-the-duc-giup-ban-quyen-ru-hon-1382195395.htm,"ít bị stress, thg Rất nhiều, trông càng, Mayo Clinic thể dục, chứng minh rằng, công trình nghiên cứu",Thế giới,"27 thg, 2013, công trình, đàn ông, phụ nữ, Mayo, Clinic, thể dục",,https://dantri.com.vn
Người bệnh thận nên tập thể dục thế nào - Báo VnExpress Sức khỏe,"27 thg 10, 2023 ... Người bệnh thận nên đi bộ, đạp xe, bơi lội, khiêu vũ, tránh hoạt động thể lực quá sức, tác động mạnh vùng thắt lưng dễ gây tổn thương thêm.",https://vnexpress.net/nguoi-benh-than-nen-tap-the-duc-the-nao-4669802.html,"đạp xe, mạnh vùng, dễ gây, thận nên, thg Người bệnh, khiêu vũ tránh, tổn thương thêm, hoạt động thể lực",Kinh tế,"27 thg, Người bệnh thận, đạp xe, hoạt động thể lực, thể lực quá sức, vùng thắt lưng, thắt lưng dễ, 2023, Người bệnh, thận",,https://vnexpress.net
Hà Nội: Hàng trăm người dân đi tập thể dục bị nhắc nhở quay về nhà,"5 thg 4, 2020 ... (Dân trí) - Ngày 4/4, TP Hà Nội tăng cường ra quân nhắc nhở và xử phạt người dân không đeo khẩu trang, vi phạm yêu cầu ""cách ly toàn xã ...",https://dantri.com.vn/xa-hoi/ha-noi-hang-tram-nguoi-dan-di-tap-the-duc-bi-nhac-nho-quay-ve-nha-20200404190950653.htm,"người dân, toàn xã, TP Hà Nội, đeo khẩu trang, thg Dân trí, tăng cường ra quân, vi phạm yêu cầu",Y tế,"xử phạt người, người dân, đeo khẩu trang, 2020, Hà Nội, người, khẩu trang",,https://dantri.com.vn
"Phụ huynh ""tố"" cô giáo thể dục đạp cổ, kéo lê học sinh, trường xuất ...","27 thg 12, 2024 ... vẫn đi học, ăn bán trú và tham gia các hoạt động bình thường"", thông tin được ghi trong văn bản. Hình ảnh trích xuất camera cho thấy, cô giáo M.",https://dantri.com.vn/giao-duc/phu-huynh-to-co-giao-the-duc-dap-co-keo-le-hoc-sinh-truong-xuat-camera-20241227202837363.htm,"camera cho thấy, trích xuất, thg vẫn, đi học ăn, cô giáo M, thông tin được ghi, hoạt động bình thường, văn bản Hình ảnh",Thế giới,"27 thg, ăn bán trú, hoạt động bình thường, 2024, bán trú, hoạt động, thông tin, văn bản, Hình ảnh, giáo",,https://dantri.com.vn
Những lợi ích bất ngờ của tập thể dục với người mắc bệnh gan ...,"29 thg 5, 2021 ... Kích thích sản sinh glutathione: Đây là một chất tham gia vào quá trình thải độc của gan, giúp khử các gốc tự do sinh ra tại gan trong quá trình ...",https://dantri.com.vn/suc-khoe/nhung-loi-ich-bat-ngo-cua-tap-the-duc-voi-nguoi-mac-benh-gan-20210529084216128.htm,"gan giúp, sinh ra, thải độc, glutathione Đây, một chất, khử các gốc, thg Kích thích",Thế giới,"Kích thích sản sinh, gốc tự do, 2021, sản sinh, chất, quá trình, tự do",,https://dantri.com.vn
Những thời điểm nên và không nên tập thể dục | Báo Dân trí,"29 thg 9, 2013 ... “Thông thường, cơ bắp sẽ chiến thắng cho nên hệ tiêu hóa sẽ đối mặt với khó khăn”, bà Burke chia sẻ. Và điều đó có thể dẫn đến tình trạng bị ...",https://dantri.com.vn/suc-khoe/nhung-thoi-diem-nen-va-khong-nen-tap-the-duc-1380863697.htm,"bà Burke, dẫn đến, tình trạng bị, chia sẻ Và điều, thg Thông thường, hệ tiêu hóa, chiến thắng cho nên",Thế giới,"2013, cơ bắp, khó khăn, Burke, điều, tình trạng",,https://dantri.com.vn
"""Cô gái vàng"" thể dục dụng cụ Phạm Như Phương bất ngờ giải ...","15 thg 1, 2024 ... (Dân trí) - Phạm Như Phương, nữ VĐV thể dục dụng cụ xinh đẹp và tài năng nhất của Việt Nam ở thời điểm hiện tại gây sốc với người hâm mộ khi ...",https://dantri.com.vn/the-thao/co-gai-vang-the-duc-dung-cu-pham-nhu-phuong-bat-ngo-giai-nghe-o-tuoi-20-20240111152304902.htm,"Phương nữ VĐV, gây sốc, thg Dân trí Phạm, người hâm mộ, tài năng nhất, Việt Nam ở, thể dục dụng cụ",Thế giới,"VĐV thể dục, thể dục dụng cụ, dụng cụ xinh đẹp, tài năng nhất, thời điểm hiện tại, hâm mộ khi, 2024, Phạm, Phương, thể dục",,https://dantri.com.vn
Tập thể dục đều đặn hay trở thành chiến binh cuối tuần sẽ có lợi ...,"9 thg 12, 2023 ... Kết quả nghiên cứu cho thấy những người tập trung nỗ lực tập thể dục vào cuối tuần có nguy cơ mắc bệnh tim mạch bao gồm: nhồi máu cơ tim (đau ...",https://tuoitre.vn/tap-the-duc-deu-dan-hay-tro-thanh-chien-binh-cuoi-tuan-se-co-loi-cho-suc-khoe-hon-2023120917142954.htm,"cho thấy, mắc bệnh, thg Kết quả, người tập trung, cơ tim đau, bao gồm nhồi máu",Y tế,"có nguy cơ, mắc bệnh, bệnh tim mạch, nhồi máu cơ tim, 2023, Kết quả, cuối tuần, nguy cơ, bệnh, tim mạch",2023-12-09T10:41:00.000Z,https://tuoitre.vn
Thầy trò lớp 10 hào hứng với chương trình thể dục mới - Báo ...,"7 thg 11, 2022 ... Năm đầu tiên triển khai chương trình phổ thông mới với lớp 10, có 8 cuốn sách Giáo dục thể chất của bộ Cánh diều và Kết nối tri thức với cuộc ...",https://vnexpress.net/thay-tro-lop-10-hao-hung-voi-chuong-trinh-the-duc-moi-4532517.html,"thg Năm, cuốn sách, mới với lớp, đầu tiên triển khai, chương trình phổ thông, Giáo dục thể chất, Kết nối tri thức",Giáo dục,"Năm đầu tiên, triển khai chương trình, chương trình phổ thông, sách Giáo dục, Giáo dục thể chất, 2022, chương trình, phổ thông, sách, Giáo dục",,https://vnexpress.net
"Bị ù tai khi tập thể dục, cảnh báo vấn đề sức khỏe gì?","24 thg 8, 2024 ... Một số người sau khi tập thể dục, đặc biệt là tập luyện cường độ cao, sẽ gặp tình trạng ù tai. Ù tai là hiện tượng hết sức bình thường.",https://thanhnien.vn/bi-u-tai-khi-tap-the-duc-canh-bao-van-de-suc-khoe-gi-185240820175325346.htm,"thg Một số người, gặp tình trạng, tập luyện cường, ù tai Ù tai, hiện tượng hết sức",Y tế,"người sau, sau khi, tập luyện cường độ, cường độ cao, gặp tình trạng, tình trạng ù tai, là hiện tượng, 2024, người, cường độ",2024-08-23T17:08:00.000Z,https://thanhnien.vn
Ho có đờm sau khi tập thể dục cảnh báo bệnh gì? - Báo VnExpress ...,"23 thg 1, 2024 ... Viêm mũi dị ứng, nhiễm trùng đường hô hấp, co thắt phế quản do gắng sức là những bệnh thường gây ho kèm theo chất nhầy, khó thở, sau khi tập ...",https://vnexpress.net/ho-co-dom-sau-khi-tap-the-duc-canh-bao-benh-gi-4704073.html,"thg Viêm mũi, bệnh thường gây, chất nhầy, nhiễm trùng đường, phế quản do, hô hấp co thắt",Y tế,"mũi dị ứng, nhiễm trùng đường, đường hô hấp, co thắt phế quản, ho kèm theo, chất nhầy, sau khi, 2024, Viêm, dị ứng",,https://vnexpress.net
5 cách khiến bạn có thêm động lực để tập thể dục,"11 thg 12, 2024 ... Nếu đã quá chán ngán với các bài tập hay động tác thể dục đơn điệu, hãy lập nhóm với bạn bè để cùng chơi một số môn thể thao như pickleball, ...",https://laodong.vn/suc-khoe/5-cach-khien-ban-co-them-dong-luc-de-tap-the-duc-1433431.ldo,"hãy lập nhóm, cùng chơi, thg Nếu, môn thể thao, bài tập hay, quá chán ngán","Thế giới, Thể thao","động tác thể dục, thể dục đơn điệu, lập nhóm, môn thể thao, 2024, bài tập, động tác, thể dục, đơn điệu, nhóm",2024-12-11T15:00:00.000Z,https://laodong.vn
Có nên tập thể dục khi bụng đói cho dễ giảm cân?,"11 thg 5, 2018 ... Theo Medicaldaily, các nghiên cứu đã ghi nhận tập thể dục trong tình trạng đói làm cho cơ thể đốt cháy các carbohydrate đã lưu trữ, có thể làm ...",https://thanhnien.vn/co-nen-tap-the-duc-khi-bung-doi-cho-de-giam-can-185756204.htm,"thg Theo Medicaldaily, đói làm cho, đốt cháy các carbohydrate, lưu trữ có thể",Thế giới,"đói làm cho, làm cho cơ thể, 2018, Medicaldaily, nghiên cứu, tình trạng, làm cho, cơ thể, carbohydrate",2018-05-11T01:35:55.000Z,https://thanhnien.vn
Vì sao các VĐV thể dục dụng cụ liên tục ngã ở Olympic 2024? - Báo ...,"7 thg 8, 2024 ... Với chiếc cầu thăng bằng cho nữ, hai cạnh dài trên mặt cầu được làm tròn hơn so với thông thường. Điều này giúp các VĐV tránh bị chấn thương ...",https://vnexpress.net/vi-sao-cac-vdv-the-duc-dung-cu-lien-tuc-nga-o-olympic-2024-4778622.html,"VĐV tránh bị, làm tròn, nữ hai cạnh, chiếc cầu, Điều này giúp, thăng bằng cho, so với thông thường",Thế giới,"cạnh dài, trên mặt cầu, 2024, cạnh, mặt cầu, Điều",,https://vnexpress.net
Hà Thanh lập kỳ tích thể dục dụng cụ - Báo VnExpress,"Có mặt tại Nhật Bản để tham dự giải quốc tế mời Toyota Cup, VĐV thể dục dụng cụ Hà Thanh đã giành HC vàng nội dung nhảy chống ngày 16/12.",https://vnexpress.net/topic/ha-thanh-lap-ky-tich-the-duc-dung-cu-9089,"mời Toyota Cup, giành HC vàng, Hà Thanh, nhảy chống, tham dự giải, VĐV thể dục",Thế giới,"tham dự giải, giải quốc tế, VĐV thể dục, thể dục dụng cụ, giành HC, HC vàng, vàng nội dung, chống ngày, Nhật Bản, giải",,https://vnexpress.net
Đường huyết được kiểm soát nhờ tập thể dục đúng cách,"27 thg 7, 2024 ... Đường huyết được kiểm soát nhờ tập thể dục đúng cách ... Việc đổ mồ hôi trong khi tập thể dục có thể giúp kiểm soát đường huyết, ngăn ngừa nguy cơ ...",https://laodong.vn/cac-loai-benh/duong-huyet-duoc-kiem-soat-nho-tap-the-duc-dung-cach-1370977.ldo,"cách Việc đổ, kiểm soát nhờ, thg Đường huyết, tập thể dục đúng, ngăn ngừa nguy cơ",Môi trường,"27 thg, đổ mồ hôi, trong khi tập thể dục, kiểm soát đường huyết, ngăn ngừa nguy cơ, 2024, cách, Việc, mồ hôi, tập thể dục",2024-07-27T03:55:56.000Z,https://laodong.vn
Tập thể dục: Đừng chỉ đi bộ,"7 thg 10, 2018 ... Tuy nhiên, theo BS Nguyễn Khắc Vui, Phó Giám đốc Bệnh viện Đa khoa Sài Gòn, dành thời gian để đi bộ là rất tốt nhưng nếu tập thể dục chỉ bằng đi ...",https://nld.com.vn/suc-khoe/tap-the-duc-dung-chi-di-bo-20181006203620034.htm,"BS Nguyễn Khắc, bằng đi, rất tốt nhưng, Sài Gòn dành, thg Tuy nhiên, Vui Phó Giám đốc, nếu tập thể dục, Bệnh viện Đa khoa",Thế giới,"theo BS, Phó Giám đốc Bệnh viện, Bệnh viện Đa khoa, dành thời gian, 2018, Nguyễn, Khắc, Phó Giám đốc, Bệnh viện, Đa khoa",,https://nld.com.vn
Nên ăn gì trước và sau khi tập thể dục để đạt hiệu quả nhất?,"30 thg 9, 2019 ... Bằng cách ăn thực phẩm giàu chất bột đường, ít chất béo và ít hoặc vừa phải protein, có thể đảm bảo lượng glycogen cơ bắp đủ cho hoạt động thể ...",https://thanhnien.vn/nen-an-gi-truoc-va-sau-khi-tap-the-duc-de-dat-hieu-qua-nhat-185886891.htm,"thg Bằng cách, đường ít, lượng glycogen, đủ cho, ăn thực phẩm giàu, hoặc vừa phải protein, hoạt động thể",Xã hội,"ăn thực phẩm, thực phẩm giàu, chất bột đường, vừa phải protein, đảm bảo lượng, lượng glycogen, 2019, cách, thực phẩm, chất bột",2019-09-30T02:25:00.000Z,https://thanhnien.vn
